"aspect_id","aspect","review_mentions","review_prevalence","positive_reviews","negative_or_mixed_reviews","negative_rate","products_with_negative_or_mixed","negative_product_prevalence","functional_count","critical_count","australian_context_negative_count","source_sensitivity","review_denominator","reviewed_product_denominator","australian_context_review_denominator","australian_context_product_denominator","critical_count_basis"
"ASP-01","feeding_reliability","253","0.2786343612334802","156","97","0.383399209486166","18","0.5625","18","79","35","relatively_consistent","908","32","453","24","corrected review-aspect rows; reviewer reports, not verified defect incidence"
"ASP-02","portion_control","222","0.2444933920704846","154","56","0.25225225225225223","12","0.375","39","3","14","amazon_stronger","908","32","453","24","corrected review-aspect rows; reviewer reports, not verified defect incidence"
"ASP-03","meal_scheduling","272","0.29955947136563876","214","53","0.1948529411764706","11","0.34375","29","19","22","source_sensitive","908","32","453","24","corrected review-aspect rows; reviewer reports, not verified defect incidence"
"ASP-04","app_usability","106","0.11674008810572688","67","39","0.36792452830188677","11","0.34375","30","2","5","source_sensitive","908","32","453","24","corrected review-aspect rows; reviewer reports, not verified defect incidence"
"ASP-05","connectivity","101","0.11123348017621146","17","81","0.801980198019802","12","0.375","70","7","21","relatively_consistent","908","32","453","24","corrected review-aspect rows; reviewer reports, not verified defect incidence"
"ASP-06","remote_feeding","42","0.046255506607929514","31","10","0.23809523809523808","4","0.125","10","0","3","limited_evidence","908","32","453","24","corrected review-aspect rows; reviewer reports, not verified defect incidence"
"ASP-07","notifications_logging","77","0.08480176211453745","40","34","0.44155844155844154","10","0.3125","30","0","8","relatively_consistent","908","32","453","24","corrected review-aspect rows; reviewer reports, not verified defect incidence"
"ASP-08","setup_instructions","281","0.30947136563876654","180","100","0.35587188612099646","16","0.5","62","1","34","amazon_stronger","908","32","453","24","corrected review-aspect rows; reviewer reports, not verified defect incidence"
"ASP-09","daily_usability","111","0.1222466960352423","85","23","0.2072072072072072","9","0.28125","18","0","11","source_sensitive","908","32","453","24","corrected review-aspect rows; reviewer reports, not verified defect incidence"
"ASP-10","cleaning_maintenance","109","0.12004405286343613","88","21","0.1926605504587156","11","0.34375","17","0","11","source_sensitive","908","32","453","24","corrected review-aspect rows; reviewer reports, not verified defect incidence"
"ASP-11","refilling_capacity","110","0.1211453744493392","92","15","0.13636363636363635","8","0.25","9","0","3","source_sensitive","908","32","453","24","corrected review-aspect rows; reviewer reports, not verified defect incidence"
"ASP-12","noise","78","0.08590308370044053","39","29","0.3717948717948718","10","0.3125","14","0","6","source_sensitive","908","32","453","24","corrected review-aspect rows; reviewer reports, not verified defect incidence"
"ASP-13","camera_video","66","0.07268722466960352","37","28","0.42424242424242425","8","0.25","23","0","5","source_sensitive","908","32","453","24","corrected review-aspect rows; reviewer reports, not verified defect incidence"
"ASP-14","audio","58","0.06387665198237885","39","16","0.27586206896551724","9","0.28125","11","0","4","amazon_stronger","908","32","453","24","corrected review-aspect rows; reviewer reports, not verified defect incidence"
"ASP-15","power_battery","147","0.1618942731277533","81","57","0.3877551020408163","12","0.375","30","12","12","amazon_stronger","908","32","453","24","corrected review-aspect rows; reviewer reports, not verified defect incidence"
"ASP-16","offline_operation","20","0.022026431718061675","14","6","0.3","3","0.09375","2","3","0","limited_evidence","908","32","453","24","corrected review-aspect rows; reviewer reports, not verified defect incidence"
"ASP-17","pet_acceptance","166","0.1828193832599119","121","45","0.2710843373493976","13","0.40625","21","0","27","source_sensitive","908","32","453","24","corrected review-aspect rows; reviewer reports, not verified defect incidence"
"ASP-18","selective_access","40","0.04405286343612335","32","8","0.2","2","0.0625","8","0","8","limited_evidence","908","32","453","24","corrected review-aspect rows; reviewer reports, not verified defect incidence"
"ASP-19","multi_pet","75","0.08259911894273128","64","11","0.14666666666666667","6","0.1875","11","0","5","amazon_stronger","908","32","453","24","corrected review-aspect rows; reviewer reports, not verified defect incidence"
"ASP-20","tamper_resistance","110","0.1211453744493392","46","61","0.5545454545454546","9","0.28125","55","0","26","relatively_consistent","908","32","453","24","corrected review-aspect rows; reviewer reports, not verified defect incidence"
"ASP-21","build_durability","177","0.1949339207048458","106","70","0.3954802259887006","14","0.4375","56","11","24","relatively_consistent","908","32","453","24","corrected review-aspect rows; reviewer reports, not verified defect incidence"
"ASP-22","design_footprint","117","0.1288546255506608","65","50","0.42735042735042733","12","0.375","31","0","20","relatively_consistent","908","32","453","24","corrected review-aspect rows; reviewer reports, not verified defect incidence"
"ASP-23","food_freshness_hygiene","71","0.07819383259911894","48","21","0.29577464788732394","11","0.34375","20","0","8","amazon_stronger","908","32","453","24","corrected review-aspect rows; reviewer reports, not verified defect incidence"
"ASP-24","food_compatibility","36","0.039647577092511016","23","12","0.3333333333333333","7","0.21875","11","0","3","relatively_consistent","908","32","453","24","corrected review-aspect rows; reviewer reports, not verified defect incidence"
"ASP-25","value_price","109","0.12004405286343613","46","63","0.5779816513761468","17","0.53125","42","0","20","relatively_consistent","908","32","453","24","corrected review-aspect rows; reviewer reports, not verified defect incidence"
"ASP-26","subscription_transparency","21","0.023127753303964757","3","17","0.8095238095238095","4","0.125","15","0","0","limited_evidence","908","32","453","24","corrected review-aspect rows; reviewer reports, not verified defect incidence"
"ASP-27","delivery_packaging","30","0.03303964757709251","12","18","0.6","11","0.34375","15","0","8","source_sensitive","908","32","453","24","corrected review-aspect rows; reviewer reports, not verified defect incidence"
"ASP-28","customer_service","63","0.06938325991189427","25","36","0.5714285714285714","9","0.28125","36","0","2","amazon_stronger","908","32","453","24","corrected review-aspect rows; reviewer reports, not verified defect incidence"
"ASP-29","safety","12","0.013215859030837005","1","11","0.9166666666666666","8","0.25","7","4","4","limited_evidence","908","32","453","24","corrected review-aspect rows; reviewer reports, not verified defect incidence"
"ASP-30","owner_routine_relief","251","0.276431718061674","225","26","0.10358565737051793","13","0.40625","26","0","8","relatively_consistent","908","32","453","24","corrected review-aspect rows; reviewer reports, not verified defect incidence"
"ASP-32","ecosystem_integration","17","0.018722466960352423","7","10","0.5882352941176471","6","0.1875","5","0","5","limited_evidence","908","32","453","24","corrected review-aspect rows; reviewer reports, not verified defect incidence"
"ASP-33","repairability_parts","8","0.00881057268722467","3","5","0.625","4","0.125","2","0","2","limited_evidence","908","32","453","24","corrected review-aspect rows; reviewer reports, not verified defect incidence"
