"feature","feature_group","requirement_class","included_v1","positioning_role","reasoning","proof_requirement","evidence_boundary","target_user","jtbd","product_concept","price_position","illustrative_price_low_aud","illustrative_price_high_aud","price_window_status","primary_channel_hypothesis","secondary_channel_hypothesis","recommendation_status","positioning_status"
"reliable dispensing","Must-have","Non-negotiable / Must-have","true","Core intended dry-food delivery; prevent missed/double meals in declared operating range.","Additional implementation cost and QA must be justified by the core job; no feature premium inferred.","Validate actual output over declared kibble sizes, hopper levels and interruptions; zero observed failures in a bounded test is not a population reliability guarantee.","prototype_design_requirement_not_current_verified_product_capability; not_established; incomplete capability/performance measurement is not absence","Cat-owning households using scheduled dry-food meals, whose owners cannot supervise every meal and want dependable routines with simple local controls and optional remote configuration; no age, income or city segmentation.","When I cannot supervise each planned dry-food meal, I want my cat to receive the intended portion on schedule with clear local control and status, so that feeding fits my routine without depending on an always-working app or network.","Reliability-first, cat-oriented dry-food automatic feeder with local scheduled feeding, clear setup and lightweight optional connectivity.","Lower-to-Middle","149","199","not_WTP_not_validated_launch_price","Specialist pet retailer pilot, including online product education; channel hypothesis for validation, not confirmed retailer access.","Amazon Australia controlled seller/variant listing, after product/claim QA; channel hypothesis for validation.","recommended_for_validation","Concept statement; reason-to-believe must be demonstrated before any public performance claim."
"local scheduling and persistence","Must-have","Non-negotiable / Must-have","true","Store and execute configured schedules locally; network/account state must not gate planned meals.","Additional implementation cost and QA must be justified by the core job; no feature premium inferred.","Test power cycles, time settings and clock recovery; clearly disclose how schedules resume.","prototype_design_requirement_not_current_verified_product_capability; not_established; incomplete capability/performance measurement is not absence","Cat-owning households using scheduled dry-food meals, whose owners cannot supervise every meal and want dependable routines with simple local controls and optional remote configuration; no age, income or city segmentation.","When I cannot supervise each planned dry-food meal, I want my cat to receive the intended portion on schedule with clear local control and status, so that feeding fits my routine without depending on an always-working app or network.","Reliability-first, cat-oriented dry-food automatic feeder with local scheduled feeding, clear setup and lightweight optional connectivity.","Lower-to-Middle","149","199","not_WTP_not_validated_launch_price","Specialist pet retailer pilot, including online product education; channel hypothesis for validation, not confirmed retailer access.","Amazon Australia controlled seller/variant listing, after product/claim QA; channel hypothesis for validation.","recommended_for_validation","Concept statement; reason-to-believe must be demonstrated before any public performance claim."
"portion control","Must-have","Non-negotiable / Must-have","true","Useful repeatable portion settings and instructions for the declared dry-food range.","Additional implementation cost and QA must be justified by the core job; no feature premium inferred.","Measure delivered mass/variation against preregistered tolerance; do not promise veterinary diet accuracy.","prototype_design_requirement_not_current_verified_product_capability; not_established; incomplete capability/performance measurement is not absence","Cat-owning households using scheduled dry-food meals, whose owners cannot supervise every meal and want dependable routines with simple local controls and optional remote configuration; no age, income or city segmentation.","When I cannot supervise each planned dry-food meal, I want my cat to receive the intended portion on schedule with clear local control and status, so that feeding fits my routine without depending on an always-working app or network.","Reliability-first, cat-oriented dry-food automatic feeder with local scheduled feeding, clear setup and lightweight optional connectivity.","Lower-to-Middle","149","199","not_WTP_not_validated_launch_price","Specialist pet retailer pilot, including online product education; channel hypothesis for validation, not confirmed retailer access.","Amazon Australia controlled seller/variant listing, after product/claim QA; channel hypothesis for validation.","recommended_for_validation","Concept statement; reason-to-believe must be demonstrated before any public performance claim."
"easy local setup/control","Must-have","Non-negotiable / Must-have","true","Owners can configure routine feeding without successful Wi-Fi/app onboarding; provide clear local controls and instructions.","Additional implementation cost and QA must be justified by the core job; no feature premium inferred.","Observe unaided setup/reset and schedule editing; do not infer ease from interface labels.","prototype_design_requirement_not_current_verified_product_capability; not_established; incomplete capability/performance measurement is not absence","Cat-owning households using scheduled dry-food meals, whose owners cannot supervise every meal and want dependable routines with simple local controls and optional remote configuration; no age, income or city segmentation.","When I cannot supervise each planned dry-food meal, I want my cat to receive the intended portion on schedule with clear local control and status, so that feeding fits my routine without depending on an always-working app or network.","Reliability-first, cat-oriented dry-food automatic feeder with local scheduled feeding, clear setup and lightweight optional connectivity.","Lower-to-Middle","149","199","not_WTP_not_validated_launch_price","Specialist pet retailer pilot, including online product education; channel hypothesis for validation, not confirmed retailer access.","Amazon Australia controlled seller/variant listing, after product/claim QA; channel hypothesis for validation.","recommended_for_validation","Concept statement; reason-to-believe must be demonstrated before any public performance claim."
"cleanable food-contact parts","Must-have","Non-negotiable / Must-have","true","Accessible cleaning/refilling; understandable maintenance instructions.","Additional implementation cost and QA must be justified by the core job; no feature premium inferred.","Observe disassembly/reassembly and contamination-trap checks; no untested hygiene certification claim.","prototype_design_requirement_not_current_verified_product_capability; not_established; incomplete capability/performance measurement is not absence","Cat-owning households using scheduled dry-food meals, whose owners cannot supervise every meal and want dependable routines with simple local controls and optional remote configuration; no age, income or city segmentation.","When I cannot supervise each planned dry-food meal, I want my cat to receive the intended portion on schedule with clear local control and status, so that feeding fits my routine without depending on an always-working app or network.","Reliability-first, cat-oriented dry-food automatic feeder with local scheduled feeding, clear setup and lightweight optional connectivity.","Lower-to-Middle","149","199","not_WTP_not_validated_launch_price","Specialist pet retailer pilot, including online product education; channel hypothesis for validation, not confirmed retailer access.","Amazon Australia controlled seller/variant listing, after product/claim QA; channel hypothesis for validation.","recommended_for_validation","Concept statement; reason-to-believe must be demonstrated before any public performance claim."
"offline continuation","Must-have","Non-negotiable / Must-have","true","Configured scheduled feeding continues during internet/app unavailability; local control remains usable.","Additional implementation cost and QA must be justified by the core job; no feature premium inferred.","Interrupt network/app/account access in declared modes; six negative/mixed offline mentions/three products are narrow evidence, not universal preference.","prototype_design_requirement_not_current_verified_product_capability; not_established; incomplete capability/performance measurement is not absence","Cat-owning households using scheduled dry-food meals, whose owners cannot supervise every meal and want dependable routines with simple local controls and optional remote configuration; no age, income or city segmentation.","When I cannot supervise each planned dry-food meal, I want my cat to receive the intended portion on schedule with clear local control and status, so that feeding fits my routine without depending on an always-working app or network.","Reliability-first, cat-oriented dry-food automatic feeder with local scheduled feeding, clear setup and lightweight optional connectivity.","Lower-to-Middle","149","199","not_WTP_not_validated_launch_price","Specialist pet retailer pilot, including online product education; channel hypothesis for validation, not confirmed retailer access.","Amazon Australia controlled seller/variant listing, after product/claim QA; channel hypothesis for validation.","recommended_for_validation","Concept statement; reason-to-believe must be demonstrated before any public performance claim."
"battery backup","Supporting","Supporting","true","Include a candidate backup-power design to protect configured routines within a declared duration/load; do not promise indefinite continuity.","Additional implementation cost and QA must be justified by the core job; no feature premium inferred.","Validate backup transitions, actuator load, low-battery state and depleted-power recovery; battery cost/duration not specified by existing evidence.","prototype_design_requirement_not_current_verified_product_capability; not_established; incomplete capability/performance measurement is not absence","Cat-owning households using scheduled dry-food meals, whose owners cannot supervise every meal and want dependable routines with simple local controls and optional remote configuration; no age, income or city segmentation.","When I cannot supervise each planned dry-food meal, I want my cat to receive the intended portion on schedule with clear local control and status, so that feeding fits my routine without depending on an always-working app or network.","Reliability-first, cat-oriented dry-food automatic feeder with local scheduled feeding, clear setup and lightweight optional connectivity.","Lower-to-Middle","149","199","not_WTP_not_validated_launch_price","Specialist pet retailer pilot, including online product education; channel hypothesis for validation, not confirmed retailer access.","Amazon Australia controlled seller/variant listing, after product/claim QA; channel hypothesis for validation.","recommended_for_validation","Concept statement; reason-to-believe must be demonstrated before any public performance claim."
"guided setup plus interruption evidence","Differentiating","Differentiating","true","Differentiate through demonstrably understandable setup and tested local/offline execution, combining existing core needs.","Additional implementation cost and QA must be justified by the core job; no feature premium inferred.","Demonstrate against relevant existing routines; a design requirement is not a verified competitor absence.","prototype_design_requirement_not_current_verified_product_capability; not_established; incomplete capability/performance measurement is not absence","Cat-owning households using scheduled dry-food meals, whose owners cannot supervise every meal and want dependable routines with simple local controls and optional remote configuration; no age, income or city segmentation.","When I cannot supervise each planned dry-food meal, I want my cat to receive the intended portion on schedule with clear local control and status, so that feeding fits my routine without depending on an always-working app or network.","Reliability-first, cat-oriented dry-food automatic feeder with local scheduled feeding, clear setup and lightweight optional connectivity.","Lower-to-Middle","149","199","not_WTP_not_validated_launch_price","Specialist pet retailer pilot, including online product education; channel hypothesis for validation, not confirmed retailer access.","Amazon Australia controlled seller/variant listing, after product/claim QA; channel hypothesis for validation.","recommended_for_validation","Concept statement; reason-to-believe must be demonstrated before any public performance claim."
"truthful feed status / actionable alert","Differentiating","Differentiating","true","Separate command sent, attempted dispense, confirmed delivery and failure; confirm actual food only with validated detection.","Additional implementation cost and QA must be justified by the core job; no feature premium inferred.","Test false-positive/false-negative status and fault handling. A motor event alone must not be labelled successful feeding. Remote alerts require connectivity and may be delayed offline; display local status.","prototype_design_requirement_not_current_verified_product_capability; not_established; incomplete capability/performance measurement is not absence","Cat-owning households using scheduled dry-food meals, whose owners cannot supervise every meal and want dependable routines with simple local controls and optional remote configuration; no age, income or city segmentation.","When I cannot supervise each planned dry-food meal, I want my cat to receive the intended portion on schedule with clear local control and status, so that feeding fits my routine without depending on an always-working app or network.","Reliability-first, cat-oriented dry-food automatic feeder with local scheduled feeding, clear setup and lightweight optional connectivity.","Lower-to-Middle","149","199","not_WTP_not_validated_launch_price","Specialist pet retailer pilot, including online product education; channel hypothesis for validation, not confirmed retailer access.","Amazon Australia controlled seller/variant listing, after product/claim QA; channel hypothesis for validation.","recommended_for_validation","Concept statement; reason-to-believe must be demonstrated before any public performance claim."
"app control","Supporting","Supporting","true","Lightweight optional remote configuration/status for users who want it; core feeding usable without it.","Additional implementation cost and QA must be justified by the core job; no feature premium inferred.","Validate onboarding/reconnection and user value against local-only alternative; no compulsory subscription for core feeding.","prototype_design_requirement_not_current_verified_product_capability; not_established; incomplete capability/performance measurement is not absence","Cat-owning households using scheduled dry-food meals, whose owners cannot supervise every meal and want dependable routines with simple local controls and optional remote configuration; no age, income or city segmentation.","When I cannot supervise each planned dry-food meal, I want my cat to receive the intended portion on schedule with clear local control and status, so that feeding fits my routine without depending on an always-working app or network.","Reliability-first, cat-oriented dry-food automatic feeder with local scheduled feeding, clear setup and lightweight optional connectivity.","Lower-to-Middle","149","199","not_WTP_not_validated_launch_price","Specialist pet retailer pilot, including online product education; channel hypothesis for validation, not confirmed retailer access.","Amazon Australia controlled seller/variant listing, after product/claim QA; channel hypothesis for validation.","recommended_for_validation","Concept statement; reason-to-believe must be demonstrated before any public performance claim."
"Wi-Fi","Supporting","Supporting","true","Infrastructure for remote app/status only, not the main selling proposition.","Additional implementation cost and QA must be justified by the core job; no feature premium inferred.","Test interruptions/reconnection; avoid promising remote confirmation while disconnected.","prototype_design_requirement_not_current_verified_product_capability; not_established; incomplete capability/performance measurement is not absence","Cat-owning households using scheduled dry-food meals, whose owners cannot supervise every meal and want dependable routines with simple local controls and optional remote configuration; no age, income or city segmentation.","When I cannot supervise each planned dry-food meal, I want my cat to receive the intended portion on schedule with clear local control and status, so that feeding fits my routine without depending on an always-working app or network.","Reliability-first, cat-oriented dry-food automatic feeder with local scheduled feeding, clear setup and lightweight optional connectivity.","Lower-to-Middle","149","199","not_WTP_not_validated_launch_price","Specialist pet retailer pilot, including online product education; channel hypothesis for validation, not confirmed retailer access.","Amazon Australia controlled seller/variant listing, after product/claim QA; channel hypothesis for validation.","recommended_for_validation","Concept statement; reason-to-believe must be demonstrated before any public performance claim."
"nonessential app customisation","Optional","Optional",,"Retain only if it improves intended routines after usability testing.","Additional implementation cost and QA must be justified by the core job; no feature premium inferred.","No feature-count expansion without demonstrated user job; no ecosystem dependency.","prototype_design_requirement_not_current_verified_product_capability; not_established; incomplete capability/performance measurement is not absence","Cat-owning households using scheduled dry-food meals, whose owners cannot supervise every meal and want dependable routines with simple local controls and optional remote configuration; no age, income or city segmentation.","When I cannot supervise each planned dry-food meal, I want my cat to receive the intended portion on schedule with clear local control and status, so that feeding fits my routine without depending on an always-working app or network.","Reliability-first, cat-oriented dry-food automatic feeder with local scheduled feeding, clear setup and lightweight optional connectivity.","Lower-to-Middle","149","199","not_WTP_not_validated_launch_price","Specialist pet retailer pilot, including online product education; channel hypothesis for validation, not confirmed retailer access.","Amazon Australia controlled seller/variant listing, after product/claim QA; channel hypothesis for validation.","recommended_for_validation","Concept statement; reason-to-believe must be demonstrated before any public performance claim."
"tamper-aware design","Supporting","Supporting","true","Basic latching/control protection is required; enhanced resistance for relevant cat behaviours is supporting execution.","Additional implementation cost and QA must be justified by the core job; no feature premium inferred.","Test declared pet-access/latch/control interactions; enhanced tamper claims require separate evidence and may be differentiating only after proof.","prototype_design_requirement_not_current_verified_product_capability; not_established; incomplete capability/performance measurement is not absence","Cat-owning households using scheduled dry-food meals, whose owners cannot supervise every meal and want dependable routines with simple local controls and optional remote configuration; no age, income or city segmentation.","When I cannot supervise each planned dry-food meal, I want my cat to receive the intended portion on schedule with clear local control and status, so that feeding fits my routine without depending on an always-working app or network.","Reliability-first, cat-oriented dry-food automatic feeder with local scheduled feeding, clear setup and lightweight optional connectivity.","Lower-to-Middle","149","199","not_WTP_not_validated_launch_price","Specialist pet retailer pilot, including online product education; channel hypothesis for validation, not confirmed retailer access.","Amazon Australia controlled seller/variant listing, after product/claim QA; channel hypothesis for validation.","recommended_for_validation","Concept statement; reason-to-believe must be demonstrated before any public performance claim."
"capacity","Supporting","Supporting","true","Size to tested target refill routines, footprint and dry-food handling; exact litres remain undecided.","Additional implementation cost and QA must be justified by the core job; no feature premium inferred.","Test refill routine/hopper state effects; do not choose maximum capacity or pool tray/hopper litres.","prototype_design_requirement_not_current_verified_product_capability; not_established; incomplete capability/performance measurement is not absence","Cat-owning households using scheduled dry-food meals, whose owners cannot supervise every meal and want dependable routines with simple local controls and optional remote configuration; no age, income or city segmentation.","When I cannot supervise each planned dry-food meal, I want my cat to receive the intended portion on schedule with clear local control and status, so that feeding fits my routine without depending on an always-working app or network.","Reliability-first, cat-oriented dry-food automatic feeder with local scheduled feeding, clear setup and lightweight optional connectivity.","Lower-to-Middle","149","199","not_WTP_not_validated_launch_price","Specialist pet retailer pilot, including online product education; channel hypothesis for validation, not confirmed retailer access.","Amazon Australia controlled seller/variant listing, after product/claim QA; channel hypothesis for validation.","recommended_for_validation","Concept statement; reason-to-believe must be demonstrated before any public performance claim."
"camera","Excluded from v1","Exclude from v1","false","Remove video hardware/cloud scope; visible use benefits do not make it essential to this routine job.","Additional implementation cost and QA must be justified by the core job; no feature premium inferred.","Reconsider only with a validated observation task; 14 camera products already present in curated supply.","prototype_design_requirement_not_current_verified_product_capability; not_established; incomplete capability/performance measurement is not absence","Cat-owning households using scheduled dry-food meals, whose owners cannot supervise every meal and want dependable routines with simple local controls and optional remote configuration; no age, income or city segmentation.","When I cannot supervise each planned dry-food meal, I want my cat to receive the intended portion on schedule with clear local control and status, so that feeding fits my routine without depending on an always-working app or network.","Reliability-first, cat-oriented dry-food automatic feeder with local scheduled feeding, clear setup and lightweight optional connectivity.","Lower-to-Middle","149","199","not_WTP_not_validated_launch_price","Specialist pet retailer pilot, including online product education; channel hypothesis for validation, not confirmed retailer access.","Amazon Australia controlled seller/variant listing, after product/claim QA; channel hypothesis for validation.","recommended_for_validation","Concept statement; reason-to-believe must be demonstrated before any public performance claim."
"audio / two-way audio","Excluded from v1","Exclude from v1","false","Remove audio scope from the first routine-feeding concept.","Additional implementation cost and QA must be justified by the core job; no feature premium inferred.","Existing positives remain acknowledged; exclusion is scope choice, not proof users dislike audio.","prototype_design_requirement_not_current_verified_product_capability; not_established; incomplete capability/performance measurement is not absence","Cat-owning households using scheduled dry-food meals, whose owners cannot supervise every meal and want dependable routines with simple local controls and optional remote configuration; no age, income or city segmentation.","When I cannot supervise each planned dry-food meal, I want my cat to receive the intended portion on schedule with clear local control and status, so that feeding fits my routine without depending on an always-working app or network.","Reliability-first, cat-oriented dry-food automatic feeder with local scheduled feeding, clear setup and lightweight optional connectivity.","Lower-to-Middle","149","199","not_WTP_not_validated_launch_price","Specialist pet retailer pilot, including online product education; channel hypothesis for validation, not confirmed retailer access.","Amazon Australia controlled seller/variant listing, after product/claim QA; channel hypothesis for validation.","recommended_for_validation","Concept statement; reason-to-believe must be demonstrated before any public performance claim."
"multi-pet individual feeding / dual bowl","Excluded from v1","Exclude from v1","false","No promise of equal portions or individual allocation to several pets; focus on the defined routine context.","Additional implementation cost and QA must be justified by the core job; no feature premium inferred.","Separate multi-pet usability/access validation before expansion; one device is not a guaranteed solution to competition between pets.","prototype_design_requirement_not_current_verified_product_capability; not_established; incomplete capability/performance measurement is not absence","Cat-owning households using scheduled dry-food meals, whose owners cannot supervise every meal and want dependable routines with simple local controls and optional remote configuration; no age, income or city segmentation.","When I cannot supervise each planned dry-food meal, I want my cat to receive the intended portion on schedule with clear local control and status, so that feeding fits my routine without depending on an always-working app or network.","Reliability-first, cat-oriented dry-food automatic feeder with local scheduled feeding, clear setup and lightweight optional connectivity.","Lower-to-Middle","149","199","not_WTP_not_validated_launch_price","Specialist pet retailer pilot, including online product education; channel hypothesis for validation, not confirmed retailer access.","Amazon Australia controlled seller/variant listing, after product/claim QA; channel hypothesis for validation.","recommended_for_validation","Concept statement; reason-to-believe must be demonstrated before any public performance claim."
"microchip / selective access","Excluded from v1","Exclude from v1","false","Separate OH3 roadmap hypothesis; no RFID/implanted-chip access module in primary product.","Additional implementation cost and QA must be justified by the core job; no feature premium inferred.","Chip/tag compatibility and training require distinct validation; do not blend with the automatic dispensing job.","prototype_design_requirement_not_current_verified_product_capability; not_established; incomplete capability/performance measurement is not absence","Cat-owning households using scheduled dry-food meals, whose owners cannot supervise every meal and want dependable routines with simple local controls and optional remote configuration; no age, income or city segmentation.","When I cannot supervise each planned dry-food meal, I want my cat to receive the intended portion on schedule with clear local control and status, so that feeding fits my routine without depending on an always-working app or network.","Reliability-first, cat-oriented dry-food automatic feeder with local scheduled feeding, clear setup and lightweight optional connectivity.","Lower-to-Middle","149","199","not_WTP_not_validated_launch_price","Specialist pet retailer pilot, including online product education; channel hypothesis for validation, not confirmed retailer access.","Amazon Australia controlled seller/variant listing, after product/claim QA; channel hypothesis for validation.","recommended_for_validation","Concept statement; reason-to-believe must be demonstrated before any public performance claim."
"wet-food compatibility / refrigeration","Excluded from v1","Exclude from v1","false","Primary device is dry-food only; no wet-food/preservation claims.","Additional implementation cost and QA must be justified by the core job; no feature premium inferred.","Requires separate compatibility, cleaning and preservation programme before another concept is considered.","prototype_design_requirement_not_current_verified_product_capability; not_established; incomplete capability/performance measurement is not absence","Cat-owning households using scheduled dry-food meals, whose owners cannot supervise every meal and want dependable routines with simple local controls and optional remote configuration; no age, income or city segmentation.","When I cannot supervise each planned dry-food meal, I want my cat to receive the intended portion on schedule with clear local control and status, so that feeding fits my routine without depending on an always-working app or network.","Reliability-first, cat-oriented dry-food automatic feeder with local scheduled feeding, clear setup and lightweight optional connectivity.","Lower-to-Middle","149","199","not_WTP_not_validated_launch_price","Specialist pet retailer pilot, including online product education; channel hypothesis for validation, not confirmed retailer access.","Amazon Australia controlled seller/variant listing, after product/claim QA; channel hypothesis for validation.","recommended_for_validation","Concept statement; reason-to-believe must be demonstrated before any public performance claim."
"smart-home ecosystem / mandatory cloud dependency","Excluded from v1","Exclude from v1","false","No integration-led proposition or cloud/subscription-dependent core feeding.","Additional implementation cost and QA must be justified by the core job; no feature premium inferred.","Network/account outages cannot disable configured meals; any remote account function requires its own data/access design review.","prototype_design_requirement_not_current_verified_product_capability; not_established; incomplete capability/performance measurement is not absence","Cat-owning households using scheduled dry-food meals, whose owners cannot supervise every meal and want dependable routines with simple local controls and optional remote configuration; no age, income or city segmentation.","When I cannot supervise each planned dry-food meal, I want my cat to receive the intended portion on schedule with clear local control and status, so that feeding fits my routine without depending on an always-working app or network.","Reliability-first, cat-oriented dry-food automatic feeder with local scheduled feeding, clear setup and lightweight optional connectivity.","Lower-to-Middle","149","199","not_WTP_not_validated_launch_price","Specialist pet retailer pilot, including online product education; channel hypothesis for validation, not confirmed retailer access.","Amazon Australia controlled seller/variant listing, after product/claim QA; channel hypothesis for validation.","recommended_for_validation","Concept statement; reason-to-believe must be demonstrated before any public performance claim."
