"canonical_product_id","brand","brand_type","product_name","product_level","mechanism","canonical_reference_price","price_band","price_band_scheme","price_band_stability","specialist_retail_flag","general_retail_flag","marketplace_flag","amazon_flag","meal_schedule","portion_control","wifi","app_control","camera","multi_pet","microchip","selective_access","wet_food_compatibility","listing_count","offer_count","ordinary_eligible_offer_count","specialist_listing_count","general_listing_count","marketplace_listing_count","self_operated_listing_count","marketplace_seller_listing_count","mixed_operation_listing_count","unknown_operation_listing_count","ordinary_offer_1_id","ordinary_offer_1_price","ordinary_offer_1_retailer","ordinary_offer_1_price_type","ordinary_offer_1_currency","ordinary_offer_1_evidence_timestamp","ordinary_offer_2_id","ordinary_offer_2_price","ordinary_offer_2_retailer","ordinary_offer_2_price_type","ordinary_offer_2_currency","ordinary_offer_2_evidence_timestamp","ordinary_offer_3_id","ordinary_offer_3_price","ordinary_offer_3_retailer","ordinary_offer_3_price_type","ordinary_offer_3_currency","ordinary_offer_3_evidence_timestamp"
"V1-C0001","Juni","named_brand","Juni Automatic Pet Feeder White 3L","Basic Automatic","dry_food_dispenser","119","Lower","interior_natural_gaps","stable","true","false","false","false","true","true",,,,,,"false",,"1","1","1","1","0","0","1","0","0","0","V1-O0001","119","Petbarn","standard","AUD","2026-10-06T07:36:58.855074+00:00",,,,,,,,,,,,
"V1-C0002","PETKIT","named_brand","PetKit Fresh Element Solo Tall Pet Smart Feeder White 3L","Smart","dry_food_dispenser","139.96","Lower","interior_natural_gaps","cross_band","true","false","true","true","true","true","true","true",,,,"false",,"3","4","3","2","0","1","2","1","0","0","V1-O0002","199","Petbarn","standard","AUD","2026-10-06T18:25:12.416479+11:00","V2-O0044","139.96","Petso Online","sale","AUD","2026-10-06T10:54:58.462033+00:00","V2-O0076","131.86","Amazon Australia","standard","AUD","2026-10-06T13:53:10.081Z"
"V1-C0003","PetSafe","named_brand","PetSafe Automatic 2 Meal Pet Feeder Grey 2x355ml","Basic Automatic","timed_tray","54.97","Lower","interior_natural_gaps","stable","true","false","true","true","true",,,,,,,"false",,"4","5","3","2","0","2","3","1","0","0","V1-O0003","55","Petbarn","standard","AUD","2026-10-06T18:25:12.418951+11:00","V2-O0060","42.48","The Vet Shed","standard","AUD","2026-10-06T10:55:00.999326+00:00","V2-O0072","54.97","Amazon Australia","standard","AUD","2026-10-06T10:55:32.765Z"
"V1-C0004","Catit","named_brand","Catit Pixi Smart Cat Feeder 1.2kg","Smart","dry_food_dispenser","229.495","Middle","interior_natural_gaps","stable","true","false","false","false","true","true","true","true",,,,"false",,"2","2","2","2","0","0","2","0","0","0","V1-O0004","229","Petbarn","standard","AUD","2026-10-06T18:25:12.425735+11:00","V2-O0069","229.99","Pet Circle","standard","AUD","2026-10-06T13:56:07.904Z",,,,,,
"V1-C0005","Catit","named_brand","Catit Pixi Smart 6 Meal Cat Feeder","Smart","timed_tray","199.495","Middle","interior_natural_gaps","stable","true","false","false","false","true",,"true","true",,,,"false","true","2","2","2","2","0","0","2","0","0","0","V1-O0005","199","Petbarn","standard","AUD","2026-10-06T18:25:12.428328+11:00","V2-O0068","199.99","Pet Circle","standard","AUD","2026-10-06T13:55:52.175Z",,,,,,
"V1-C0006","SureFeed","named_brand","SureFeed Microchip Smart Pet Feeder Bowl","Advanced","selective_access","232.95","Middle","interior_natural_gaps","cross_band","true","false","true","true",,,,,,"true","true","true","true","3","3","3","2","0","1","2","1","0","0","V1-O0006","285","Petbarn","standard","AUD","2026-10-06T18:25:12.432338+11:00","V2-O0061","232.95","vet-n-pet DIRECT","standard","AUD","2026-10-06T14:00:05.687620+00:00","V2-O0077","224.98","Amazon Australia","standard","AUD","2026-10-06T13:53:22.071Z"
"V1-C0007","Arlec","named_brand","Arlec 4L Automatic Pet Feeder","Basic Automatic","dry_food_dispenser","65","Lower","interior_natural_gaps","stable","false","true","false","false","true","true",,,,,,"false",,"1","1","1","0","1","0","1","0","0","0","V1-O0007","65","Bunnings","standard","AUD","2026-10-06T07:39:45.084036+00:00",,,,,,,,,,,,
"V1-C0008","Advwin","named_brand","Advwin 6L Automatic Pet Feeder with HD Camera","Advanced","dry_food_dispenser","82.5","Lower","interior_natural_gaps","stable","false","false","true","false","true","true","true","true","true",,,"false",,"1","1","1","0","0","1","0","1","0","0","V1-O0008","82.5","Bunnings","standard","AUD","2026-10-06T07:40:30.257231+00:00",,,,,,,,,,,,
"V1-C0009",,"unknown","WiFi 6L Automatic Pet Feeder - Black","Smart","dry_food_dispenser",,"unknown","interior_natural_gaps","unknown","false","false","true","false","true",,"true","true",,,,"false",,"1","1","0","0","0","1","0","1","0","0",,,,,,,,,,,,,,,,,,
"V1-C0010",,"unknown","4.3L Automatic Digital Pet Feeder Food Bowl Dispenser","Basic Automatic","dry_food_dispenser","97","Lower","interior_natural_gaps","stable","false","false","true","false","true","true",,,,,,"false",,"1","1","1","0","0","1","0","1","0","0","V1-O0010","97","BIG W","standard","AUD","2026-10-06T07:51:49.627283+00:00",,,,,,,,,,,,
"V1-C0012","Cat Mate","named_brand","Cat Mate C3000 Automatic Dry Food 3-Meal Feeder, BPA Free for Cats & Small Dogs","Smart","dry_food_dispenser","115.06","Lower","interior_natural_gaps","stable","false","false","true","true","true","true","true",,,"true",,"false",,"1","2","1","0","0","1","0","0","1","0","V1-O0012","115.06","Amazon Australia","standard","AUD","2026-10-06T08:07:17.939179+00:00",,,,,,,,,,,,
"V1-C0013","PETLIBRO","named_brand","PETLIBRO Automatic Cat Feeder, Wi-Fi Rechargeable Cats Food Dispenser Battery-Operated with 30-Day Life, AIR 2.4G Wi-Fi Timed Pet Feeder for Cats & Dogs, 2L Auto Cat Feeder, Black","Smart","dry_food_dispenser",,"unknown","interior_natural_gaps","unknown","false","false","true","true","true",,"true","true",,,,"false",,"1","0","0","0","0","1","0","0","0","1",,,,,,,,,,,,,,,,,,
"V1-C0014","SKYMEE","named_brand","SKYMEE 12L WiFi Pet Feeder Automatic Food Dispenser for Cats & Dogs-Support 2.4G & 5G-1080P Full HD Pet Camera Treat Dispenser with Night Vision and 2-Way Audio","Advanced","dry_food_dispenser","139.99","Lower","interior_natural_gaps","stable","false","false","true","true","true",,"true","true","true","true",,"false",,"1","1","1","0","0","1","0","1","0","0","V1-O0014","139.99","Amazon Australia","standard","AUD","2026-10-06T08:10:02.367760+00:00",,,,,,,,,,,,
"V1-C0015","Juni","named_brand","Juni Automatic Pet Feeder White 6 Meal","Basic Automatic","timed_tray","109","Lower","interior_natural_gaps","stable","true","false","false","false","true",,,,,,,"false",,"1","1","1","1","0","0","1","0","0","0","V1-O0015","109","Petbarn","standard","AUD","2026-10-06T08:32:28.503723+00:00",,,,,,,,,,,,
"V1-C0016","PaWz","named_brand","Pawz 4L Automatic Smart Pet Feeder WIFI","Smart","dry_food_dispenser","70.99","Lower","interior_natural_gaps","stable","false","false","true","false","true","true","true","true",,,,"false",,"1","1","1","0","0","1","0","1","0","0","V1-O0016","70.99","Bunnings","standard","AUD","2026-10-06T08:32:28.781787+00:00",,,,,,,,,,,,
"V1-C0017","YES4PETS","named_brand","Yes4pets 6 Meal Automatic Pet Dog Cat Food Feeder Dispenser","Basic Automatic","timed_tray","59.99","Lower","interior_natural_gaps","stable","false","false","true","false","true",,,,,,,"false",,"1","1","1","0","0","1","0","1","0","0","V1-O0017","59.99","Bunnings","standard","AUD","2026-10-06T08:32:28.909282+00:00",,,,,,,,,,,,
"V1-C0018","PETLIBRO","named_brand","Petlibro Granary Camera Feeder Smart WiFi Single Tray 5L White","Advanced","dry_food_dispenser",,"unknown","interior_natural_gaps","unknown","false","false","true","false","true","true","true","true","true",,,"false",,"1","1","0","0","0","1","0","1","0","0",,,,,,,,,,,,,,,,,,
"V1-C0019","i.Pet","named_brand","I.pet Automatic Pet Feeder Dog Cat Camera Wifi Smart Food Dispenser Timer 7l App","Advanced","dry_food_dispenser",,"unknown","interior_natural_gaps","unknown","false","false","true","false","true","true","true","true","true",,,"false",,"1","1","0","0","0","1","0","1","0","0",,,,,,,,,,,,,,,,,,
"V1-C0020","PaWz","named_brand","Pawz 7L Automatic Pet Feeder WIFI  Video Audio","Advanced","dry_food_dispenser","114.99","Lower","interior_natural_gaps","stable","false","false","true","false","true","true","true","true","true",,,"false",,"1","1","1","0","0","1","0","1","0","0","V1-O0020","114.99","Bunnings","standard","AUD","2026-10-06T08:32:38.360624+00:00",,,,,,,,,,,,
"V1-C0021","i.Pet","named_brand","I.pet 5l Automatic Pet Feeder Dual Bowl Smart Dispenser App Control Cats Dogs","Smart","dry_food_dispenser",,"unknown","interior_natural_gaps","unknown","false","false","true","false","true","true","true","true",,"true",,"false",,"1","1","0","0","0","1","0","1","0","0",,,,,,,,,,,,,,,,,,
"V1-C0022","PaWz","named_brand","Pawz Smart Auto Pet Feeder 9L White","Advanced","dry_food_dispenser","140.95","Lower","interior_natural_gaps","stable","false","false","true","false","true","true","true","true","true",,,"false",,"1","1","1","0","0","1","0","1","0","0","V1-O0022","140.95","Bunnings","standard","AUD","2026-10-06T08:53:52.588460+00:00",,,,,,,,,,,,
"V1-C0023","i.Pet","named_brand","i.Pet 9L Automatic Pet Feeder","Smart","dry_food_dispenser",,"unknown","interior_natural_gaps","unknown","false","false","true","false","true","true","true","true",,,,"false",,"1","1","0","0","0","1","0","1","0","0",,,,,,,,,,,,,,,,,,
"V1-C0024",,"generic_oem","Automatic Pet Feeder 5L with Camera, App Remote Control & Two-Way Video Call for Cats and Dogs","Advanced","dry_food_dispenser","316.72","Upper","interior_natural_gaps","stable","false","false","true","false","true","true",,"true","true",,,"false",,"1","2","1","0","0","1","0","1","0","0","V1-O0024","316.72","Kogan","standard","AUD","2026-10-06T08:53:11.228484+00:00",,,,,,,,,,,,
"V1-C0025",,"unknown","11L Automatic Pet Feeder Auto Program Digital Timer Food Dispenser Dog Cat Pet Bowl","Basic Automatic","dry_food_dispenser","275.15","Upper","interior_natural_gaps","stable","false","false","true","false","true","true",,,,,,"false",,"1","1","1","0","0","1","0","1","0","0","V1-O0026","275.15","BIG W","standard","AUD","2026-10-06T08:40:09.110715+00:00",,,,,,,,,,,,
"V1-C0026",,"generic_oem","Microchip Automatic Cat Feeder with Auto-Sensing Access Control and Programmable Timer","Advanced","other","400.19","Upper","interior_natural_gaps","stable","false","false","true","false","true",,,,,"true","true",,,"1","1","1","0","0","1","0","1","0","0","V1-O0027","400.19","BIG W","standard","AUD","2026-10-06T08:39:51.517224+00:00",,,,,,,,,,,,
"V1-C0027","PETWANT","named_brand","Petwant Automatic Wet Food Pet Feeder - 6 Meal","Basic Automatic","timed_tray","95","Lower","interior_natural_gaps","stable","true","false","true","false","true",,,,,,,"false","true","2","2","2","1","0","1","1","1","0","0","V1-O0028","95","BIG W","standard","AUD","2026-10-06T08:48:48.521329+00:00","V2-O0054","95","Modern Pets","standard","AUD","2026-10-06T14:00:04.956427+00:00",,,,,,
"V1-C0028",,"unknown","6L Smart Automatic Pet Feeder WiFi App Control Timed Food Dispenser Dog Cat AU","Smart","dry_food_dispenser","99.99","Lower","interior_natural_gaps","stable","false","false","true","false","true","true","true","true",,,,"false",,"1","1","1","0","0","1","0","1","0","0","V1-O0029","99.99","BIG W","standard","AUD","2026-10-06T08:45:18.272267+00:00",,,,,,,,,,,,
"V1-C0029","TODO","named_brand","TODO Automatic Pet Feeder 180ml x6 Meal Digital Lcd Dog Cat Food Bowl Timer White","Basic Automatic","timed_tray","69","Lower","interior_natural_gaps","stable","false","false","true","false","true",,,,,,,"false",,"2","2","2","0","0","2","0","2","0","0","V1-O0030","69","BIG W","standard","AUD","2026-10-06T08:56:12.209244+00:00","V2-O0037","69","Kmart","standard","AUD","2026-10-06T13:57:52.498Z",,,,,,
"V1-C0030","YES4PETS","named_brand","6 Meal Automatic Pet Dog Cat Food Feeder Dispenser with Programmable Timer","Basic Automatic","timed_tray","59.99","Lower","interior_natural_gaps","stable","false","false","true","false","true",,,,,,,"false",,"1","1","1","0","0","1","0","1","0","0","V1-O0031","59.99","BIG W","standard","AUD","2026-10-06T08:51:32.070422+00:00",,,,,,,,,,,,
"V2-C0044","PETKIT",,"Petkit Yumshare Dual Hopper Smart Feeder With Camera","Advanced","dry_food_dispenser","301.59","Upper","interior_natural_gaps","stable","true","false","false","false","true","true",,"true","true","true",,"false",,"2","4","2","2","0","0","2","0","0","0","V2-O0032","325.99","Pet Circle","standard","AUD","2026-10-06T13:54:45.960Z","V2-O0046","277.19","Petso Online","sale","AUD","2026-10-06T10:54:58.590157+00:00",,,,,,
"V2-C0032","Dogness",,"Dogness Smart Camera Feeder 6L","Advanced","dry_food_dispenser","299.99","Upper","interior_natural_gaps","stable","false","false","true","false","true","true",,"true","true",,,"false",,"1","1","1","0","0","1","0","1","0","0","V2-O0033","299.99","BIG W","standard","AUD","2026-10-06T13:56:48.900Z",,,,,,,,,,,,
"V2-C0033","PETLIBRO",,"Petlibro One RFID Feeder 3L WiFi Automatic Cat Feeder - Coffee - Black","Advanced","other","259.99","Upper","interior_natural_gaps","stable","false","false","true","false","true","true","true","true",,,"false",,,"2","2","2","0","0","2","0","2","0","0","V2-O0034","249.99","BIG W","standard","AUD","2026-10-06T13:57:04.523Z","V2-O0040","269.99","Bunnings","standard","AUD","2026-10-06T10:54:58.026187+00:00",,,,,,
"V2-C0034","PETLIBRO",,"Petlibro Granary Smart Pet Camera Feeder 5L w/ WiFi - White - White","Advanced","dry_food_dispenser","228.49","Middle","interior_natural_gaps","stable","false","false","true","true","true","true","true","true","true",,,"false",,"2","2","2","0","0","2","0","2","0","0","V2-O0035","228.99","BIG W","standard","AUD","2026-10-06T13:57:13.757Z","V2-O0075","227.99","Amazon Australia","sale","AUD","2026-10-06T13:52:38.863Z",,,,,,
"V2-C0036","Dogness",,"Dogness Programmable Feeder 9L White","Basic Automatic","dry_food_dispenser",,"unknown","interior_natural_gaps","unknown","false","true","false","false","true",,,,,,,"false",,"1","1","0","0","1","0","1","0","0","0",,,,,,,,,,,,,,,,,,
"V2-C0038","Advwin",,"Advwin 5L Automatic Pet Feeder Smart Cat Feeder 2 Bowl","Smart","dry_food_dispenser","76.95","Lower","interior_natural_gaps","stable","false","false","true","false","true","true","true","true",,"true",,"false",,"1","1","1","0","0","1","0","1","0","0","V2-O0038","76.95","Bunnings","standard","AUD","2026-10-06T10:54:57.822548+00:00",,,,,,,,,,,,
"V2-C0039","Advwin",,"Advwin Smart RFID Pet Feeder Automatic Cat Feeder Microchip","Advanced","selective_access","94.5","Lower","interior_natural_gaps","stable","false","false","true","false",,,,,,"true",,"true",,"1","1","1","0","0","1","0","1","0","0","V2-O0039","94.5","Bunnings","standard","AUD","2026-10-06T10:54:57.887673+00:00",,,,,,,,,,,,
"V2-C0042","PETKIT",,"PETKIT YumShare Solo Smart Feeder With Camera","Advanced","dry_food_dispenser","221","Middle","interior_natural_gaps","stable","true","false","false","false","true","true",,,"true",,,"false",,"1","3","1","1","0","0","1","0","0","0","V2-O0041","221","Petso Online","sale","AUD","2026-10-06T10:54:58.324380+00:00",,,,,,,,,,,,
"V2-C0045","PETKIT",,"PETKIT Fresh Element Mini- Smart Pet Feeder With Stainless Steel Bowl","Smart","dry_food_dispenser","229.95","Middle","interior_natural_gaps","stable","true","false","false","false","true","true","true","true",,,,"false",,"2","2","1","2","0","0","2","0","0","0","V2-O0056","229.95","Modern Pets","standard","AUD","2026-10-06T14:00:04.958361+00:00",,,,,,,,,,,,
"V2-C0046","PETKIT",,"PETKIT YumShare Solo 2 Smart Feeder With Camera","Advanced","dry_food_dispenser","264","Upper","interior_natural_gaps","stable","true","false","false","false","true","true","true","true","true","true",,"false",,"1","1","1","1","0","0","1","0","0","0","V2-O0050","264","Petso Online","sale","AUD","2026-10-06T10:54:59.110416+00:00",,,,,,,,,,,,
"V2-C0047","CATLINK",,"CATLINK F03 RFID Pet Feeder - Standard Version","Advanced","selective_access",,"unknown","interior_natural_gaps","unknown","true","false","false","false",,,,,,"true",,"true",,"1","1","0","1","0","0","1","0","0","0",,,,,,,,,,,,,,,,,,
"V2-C0048","PAKEWAY",,"PAKEWAY White Automatic Wifi Pet Feeder Plus 6L","Smart","dry_food_dispenser",,"unknown","interior_natural_gaps","unknown","true","false","false","false","true","true","true",,,,,"false",,"1","1","0","1","0","0","1","0","0","0",,,,,,,,,,,,,,,,,,
"V2-C0049","CATLINK",,"CATLINK ONE Young White Pet Smart Feeder","Smart","dry_food_dispenser",,"unknown","interior_natural_gaps","unknown","true","false","false","false",,"true",,"true",,,,"false",,"1","1","0","1","0","0","1","0","0","0",,,,,,,,,,,,,,,,,,
"V2-C0051","PETKIT",,"PETKIT Fresh Element Smart Feeder Solo, Grey","Smart","dry_food_dispenser","195","Middle","interior_natural_gaps","stable","true","false","false","false","true","true","true","true",,,,"false",,"1","1","1","1","0","0","1","0","0","0","V2-O0055","195","Modern Pets","standard","AUD","2026-10-06T14:00:04.958014+00:00",,,,,,,,,,,,
"V2-C0053","PETWANT",,"Petwant Single Meal Wet Food Pet Feeder","Basic Automatic","timed_tray","35","Lower","interior_natural_gaps","stable","true","false","false","false","true",,,,,,,"false","true","1","1","1","1","0","0","1","0","0","0","V2-O0057","35","Modern Pets","standard","AUD","2026-10-06T14:00:05.319352+00:00",,,,,,,,,,,,
"V2-C0054","PetSafe",,"PetSafe Smart Feed Automatic Dog & Cat Feeder","Smart","dry_food_dispenser","359","Upper","interior_natural_gaps","stable","true","false","false","false","true","true","true","true",,,,"false",,"1","1","1","1","0","0","1","0","0","0","V2-O0058","359","Modern Pets","standard","AUD","2026-10-06T14:00:05.331237+00:00",,,,,,,,,,,,
"V2-C0055","PetSafe",,"PetSafe FlexFeed Automatic Pet Feeder","Basic Automatic","dry_food_dispenser","119.97","Lower","interior_natural_gaps","stable","true","false","true","false","true","true",,,,,,"false",,"2","2","2","1","0","1","1","1","0","0","V2-O0059","119.95","Modern Pets","standard","AUD","2026-10-06T14:00:05.337391+00:00","V2-O0063","119.99","Bunnings","standard","AUD","2026-10-06T10:55:01.592341+00:00",,,,,,
"V2-C0058","Dogness",,"Dogness Auto Large Dog Pet Feeder 6L","Advanced","dry_food_dispenser","299.99","Upper","interior_natural_gaps","stable","false","false","true","false","true","true",,"true","true",,,"false",,"1","1","1","0","0","1","0","1","0","0","V2-O0062","299.99","Bunnings","standard","AUD","2026-10-06T10:55:01.264746+00:00",,,,,,,,,,,,
"V2-C0060","Kogan",,"Kogan SmarterHome Automatic Smart Pet Feeder with Stainless Steel Bowl","Smart","dry_food_dispenser","59.99","Lower","interior_natural_gaps","stable","false","false","true","false","true","true","true","true",,,,"false",,"1","2","1","0","0","1","1","0","0","0","V2-O0064","59.99","Kogan","standard","AUD","2026-10-06T13:58:02.302Z",,,,,,,,,,,,
"V2-C0061","Dogness",,"Dogness F20 Whale Automatic Pet Feeder White","Basic Automatic","dry_food_dispenser","176.99","Middle","interior_natural_gaps","stable","true","false","false","false","true",,,,,,,"false",,"1","2","1","1","0","0","1","0","0","0","V2-O0066","176.99","Pet Circle","standard","AUD","2026-10-06T13:55:07.167Z",,,,,,,,,,,,
"V2-C0073","Dogness",,"Dogness F12 Cube Programmable Pet Feeder White","Basic Automatic","dry_food_dispenser","128.995","Lower","interior_natural_gaps","stable","true","true","false","false","true","true",,,,,,"false",,"2","3","2","1","1","0","2","0","0","0","V2-O0070","128.99","Pet Circle","standard","AUD","2026-10-06T13:56:28.136Z","V2-O0080","129","JB Hi-Fi","standard","AUD","2026-10-06T10:55:02.428902+00:00",,,,,,
"V2-C0067","PETLIBRO",,"PETLIBRO Granary Automatic Cat Feeder, 5GHz WiFi App Control, 5L White","Smart","dry_food_dispenser","149.99","Lower","interior_natural_gaps","stable","false","false","true","true","true","true","true","true",,,,"false",,"1","1","1","0","0","1","0","1","0","0","V2-O0074","149.99","Amazon Australia","standard","AUD","2026-10-06T10:55:47.590Z",,,,,,,,,,,,
"V2-C0071","Arlec",,"Arlec Grid Connect Smart 6L Pet Feeder","Smart","dry_food_dispenser",,"unknown","interior_natural_gaps","unknown","false","true","false","false","true",,"true","true",,,,"false",,"1","1","0","0","1","0","1","0","0","0",,,,,,,,,,,,,,,,,,
"V2-C0072","Arlec",,"Arlec 5L Grid Connect Smart Pet Feeder with Camera","Advanced","dry_food_dispenser","149","Lower","interior_natural_gaps","stable","false","true","false","false","true","true","true","true","true",,,"false",,"1","1","1","0","1","0","1","0","0","0","V2-O0079","149","Bunnings","standard","AUD","2026-10-06T10:55:02.385555+00:00",,,,,,,,,,,,
